{"cameraMode":{"drawMode":0,"name":"Shaded","section":"Shading Mode"},"sceneLighting":true,"audioPlay":false,"sceneViewState":{"showFog":true,"showMaterialUpdate":false,"showSkybox":true,"showFlares":true,"showImageEffects":true,"showParticleSystems":true},"in2DMode":false,"pivot":{"x":12.024978637695313,"y":48.83265686035156,"z":-23.612449645996095},"rotation":{"x":-0.14078490436077119,"y":-0.027620954439044,"z":0.003929546102881432,"w":-0.9896470904350281},"size":842.7108154296875,"orthographic":true}